mov,push,call,cmp,add,pop,lea,test,je,xor,jmp,jne,ret,inc,sub,and,shl,or
0,0,0,0,0,0,0,0,0,0,0,0,0,0,0,0,0,0
93255,37678,31839,4810,46990,20276,10347,6708,12508,9584,11273,6687,7698,13343,3870,2912,276,1634
1365,816,316,96,223,242,319,155,137,44,181,79,69,32,177,41,1,15
10501,378,1158,1346,601,525,1072,1402,1465,526,1102,704,203,382,464,183,149,111
3061,1839,690,392,781,832,180,403,553,283,595,444,383,216,152,140,13,107
6404,16488,1387,2506,60184,4455,78,623,5951,5620,1766,2398,1314,13049,4040,3157,352,5036
15269,2275,4569,2208,2770,3878,4788,3249,3202,1757,2635,1469,1487,0,1416,365,272,157
299,21,99,36,44,19,87,44,43,50,33,49,22,6,22,7,2,1
1566,203,496,218,252,287,359,266,333,154,320,142,130,0,111,9,62,71
463,73,151,83,102,108,88,85,109,64,118,48,64,0,56,6,2,3
817,94,291,117,164,140,180,124,144,102,209,66,79,0,81,14,3,12
1964,113,467,227,213,149,324,177,211,173,301,111,74,0,109,28,35,31
4242,4624,1873,725,3112,1124,838,579,1044,829,743,492,496,1288,255,120,18,97
260,2043,6,184,9635,664,11,61,913,449,13,264,13,971,729,929,0,1013
3937,469,1090,823,667,699,1393,871,895,360,1103,548,287,0,389,135,51,55
1870,167,520,213,149,127,423,249,210,173,198,259,58,61,89,47,9,39
3089,1965,736,396,794,886,240,411,569,289,605,448,387,205,152,140,13,106
34407,21175,8131,6147,7673,8691,4195,4591,5075,2673,3433,4330,3112,2173,2023,1095,477,1146
1243,81,487,106,130,121,388,146,183,99,191,95,68,0,57,8,4,4
2890,234,654,239,279,317,575,283,303,173,335,128,156,1,148,20,50,19
3486,657,1054,667,10168,348,658,682,962,511,425,534,249,69,521,304,4,254
24541,3079,6320,2408,1822,1824,4997,2914,2222,1783,2435,1911,889,288,1799,135,43,475
2149,264,493,142,137,163,517,337,207,210,192,180,128,39,157,20,4,23
2979,200,924,265,258,300,499,468,441,221,461,134,97,0,144,17,11,8
1618,55,303,88,29,56,110,174,149,35,185,107,33,9,53,12,0,3
1387,172,301,148,164,128,243,187,165,100,246,128,206,17,140,9,1,42
642,836,434,100,165,218,194,194,183,122,130,113,107,22,43,12,1,10
15269,2275,4569,2208,2770,3878,4788,3249,3202,1757,2635,1469,1487,0,1416,365,272,157
1595,1338,769,173,1699,351,471,186,201,284,372,136,218,278,122,34,3,62
9442,1067,3298,1693,1328,1424,2550,1688,1948,669,2126,1039,442,0,678,253,102,155
36,327,2,72,1283,86,5,2,237,233,4,92,2,139,107,203,0,182
25820,533,3641,1331,2059,569,2991,1458,1579,69,2229,1687,446,0,782,323,315,56
15010,5672,3590,3259,21108,2588,1340,2160,3183,1686,2153,2471,748,4452,1198,1376,64,2121
2888,394,673,394,499,545,598,598,515,273,583,302,190,0,322,95,47,47
21397,1262,2580,2092,900,1562,2279,2365,2230,1482,2119,1506,705,427,912,319,175,280
9790,416,4684,1043,756,513,5159,1482,1720,671,806,738,290,93,409,37,18,216
8580,10343,4010,1077,2482,2589,1302,1330,1917,1166,2164,1493,831,674,542,278,84,275
4365,383,1108,650,898,482,1231,625,666,354,883,324,261,0,340,102,120,49
59,496,1,44,2640,221,5,11,318,150,6,95,3,162,280,424,0,333
1914,211,348,225,211,145,237,136,157,129,217,195,354,20,212,6,9,38
1643,13039,40,460,87212,5950,961,759,12027,1049,106,2552,46,7763,2880,597,5,1870
966,107,354,110,131,147,232,126,150,88,235,71,81,0,67,12,2,9
1003,148,267,164,277,182,277,98,129,85,216,59,75,0,89,6,4,4
18168,1139,5929,1609,1758,1255,5453,2518,2454,1449,1740,1505,1098,402,1350,401,122,454
885,99,317,109,125,138,183,106,137,96,229,69,73,0,85,14,3,11
6829,788,1790,1175,1047,1093,1544,1207,1372,415,1357,772,306,0,523,219,88,80
5926,4874,1572,335,7462,2421,494,788,965,726,143,415,901,1539,224,692,84,1142
2806,249,566,272,161,191,929,457,455,278,326,200,125,11,153,44,7,57
3922,2878,1066,531,1004,1268,369,585,783,408,884,623,506,254,214,176,25,160
29227,1322,4999,2917,1048,1767,2725,3623,3588,1424,3295,1951,613,704,858,355,271,326
5279,3515,1713,988,766,1556,819,937,1103,708,763,670,601,392,326,295,95,328
2769,333,968,161,300,618,641,347,376,236,523,154,169,0,140,7,2,3
174,14,47,28,26,10,33,18,16,34,25,27,19,1,17,3,2,1
642,92,240,92,106,136,143,93,122,82,193,50,67,0,59,6,4,3
1064,139,417,176,160,196,278,185,254,110,258,107,86,0,86,10,5,5
264,1910,6,375,10212,674,17,45,1637,615,6,364,68,1131,650,987,1,956
5666,6138,998,1991,28294,2304,154,810,2234,2828,2597,1010,383,578,2364,3286,32,2626
24,252,1,84,1324,59,7,2,232,219,3,48,5,141,67,112,0,147
253,1996,8,274,10514,845,56,34,706,607,11,236,8,984,836,901,1,1448
1960,120,584,138,211,160,306,134,158,152,271,74,82,0,136,12,10,9
324,2176,7,262,8850,726,53,41,1179,377,12,447,9,712,896,827,1,1619
43839,34147,29711,2963,4844,5580,26406,3599,4050,3336,8375,2836,3583,811,796,557,88,451
806,217,364,77,1200,71,315,205,173,131,116,139,42,6,57,64,0,50
150,157,70,29,118,68,15,20,25,34,29,28,31,15,7,6,2,4
2593,218,510,673,515,278,592,523,660,184,557,348,113,0,284,97,66,36
38,313,1,59,1605,176,4,5,259,241,5,147,3,211,134,140,0,220
651,94,182,91,137,130,126,104,120,77,152,54,67,0,76,8,2,4
1879,114,239,145,68,111,154,164,165,65,187,91,59,31,89,22,8,13
1312,112,459,123,165,161,264,132,143,159,262,71,73,0,65,11,8,3
727,100,277,99,129,142,172,117,134,84,207,60,81,0,70,16,5,11
746,84,268,101,117,120,156,92,117,108,197,56,67,0,64,6,15,3
0,0,0,0,0,0,0,0,0,0,0,0,0,0,0,0,0,0
1261,110,526,124,155,146,241,169,180,138,279,86,102,0,82,30,2,25
1183,113,425,146,175,166,230,128,149,138,251,97,73,0,88,6,2,3
23569,15071,5699,3633,6181,5849,2692,3500,2878,1517,2291,3031,2074,1521,1355,583,317,622
1272,104,309,110,97,95,197,204,134,101,97,92,79,28,84,8,3,16
2199,1541,796,268,759,530,304,385,322,316,237,213,191,185,111,61,6,28
36,248,1,21,1027,51,2,4,130,99,2,58,1,93,37,81,0,88
0,0,0,0,0,0,0,0,0,0,0,0,0,0,0,0,0,0
5020,199,479,377,248,248,572,483,455,278,497,255,106,85,350,28,58,58
744,433,195,49,421,185,45,81,84,118,73,48,75,78,28,57,3,11
25122,14858,7358,2816,4344,5506,5690,2848,3340,3694,2871,2230,2450,646,1829,1105,222,647
1620,1320,742,202,1113,464,339,244,205,228,250,131,218,271,104,83,5,57
677,83,227,105,118,118,138,97,125,81,188,58,65,0,60,6,3,4
1688,254,536,84,133,154,472,318,269,240,164,133,105,11,112,18,0,26
33,303,2,38,1701,102,0,4,215,72,0,45,3,193,84,142,0,218
10332,366,1122,1326,594,514,1050,1367,1434,512,1080,689,196,377,452,182,147,110
3257,2136,881,403,817,961,259,450,590,299,631,478,420,212,159,142,19,109
0,0,0,0,0,0,0,0,0,0,0,0,0,0,0,0,0,0
8089,601,1139,1272,1015,617,1484,971,888,590,851,884,702,249,547,177,110,207
8508,480,1024,788,483,579,891,882,929,574,919,554,249,165,470,113,52,104
1986,186,458,167,154,140,354,260,179,154,219,159,125,31,152,15,3,29
935,122,355,126,167,168,273,105,133,117,238,79,79,0,84,10,28,9
1347,143,492,172,223,190,300,169,182,175,320,88,81,0,94,10,6,7
26364,1063,3610,2861,2837,769,3108,1466,2662,2980,2886,2155,928,271,1854,1173,337,411
2096,279,490,396,379,331,505,320,452,158,337,179,96,0,140,21,59,14
470,1042,813,296,5118,198,3,76,892,626,138,432,33,699,317,294,5,420
1728,1222,600,133,811,378,405,234,391,229,94,189,128,197,81,100,4,45
12510,909,3448,2316,1905,658,3896,1881,1559,1216,2045,1921,402,752,488,109,88,272
2952,2197,1081,572,1397,890,320,565,756,409,402,462,300,242,187,299,10,172
3998,478,1121,836,649,704,1399,867,906,362,1099,543,288,0,402,139,52,55
2875,136,550,183,105,147,208,300,231,110,281,173,78,49,154,11,8,28
4256,2834,1130,597,940,1089,500,665,595,352,325,586,438,260,235,81,61,229
35555,4037,8326,5944,4945,2688,8322,3934,4504,4157,3333,3552,1591,1269,3348,1262,632,744
346,35,85,41,45,26,86,48,37,68,33,37,34,6,34,6,2,10
15928,927,3684,1542,1895,1204,3519,1955,1582,799,1278,1533,1116,808,1198,58,210,151
1312,209,496,218,218,256,320,217,282,150,335,133,141,0,124,18,3,12
24903,2158,8079,3597,1952,1529,12304,2573,3127,1743,2272,3681,1057,312,1417,306,91,368
46,294,2,25,1207,60,1,1,146,102,0,72,2,106,80,141,1,134
255,292,143,75,385,120,35,44,111,78,64,68,41,73,68,9,0,3
0,0,0,0,0,0,0,0,0,0,0,0,0,0,0,0,0,0
37,249,2,55,1140,69,4,12,181,218,4,56,2,120,55,101,0,153
2810,205,1412,279,245,205,1707,410,461,271,630,208,157,21,213,27,4,65
55,424,4,85,2368,102,4,7,237,262,4,58,2,206,129,169,0,300
708,92,258,99,116,128,157,99,125,87,205,55,66,0,63,6,2,3
1073,102,346,161,189,162,225,148,180,135,271,99,69,0,82,18,21,3
0,0,0,0,0,0,0,0,0,0,0,0,0,0,0,0,0,0
3426,1501,997,441,857,945,408,259,495,407,535,370,444,312,296,109,34,105
570,82,205,87,105,118,115,102,124,78,169,56,66,0,61,6,2,3
719,106,201,124,131,139,133,132,183,80,171,79,70,0,70,8,4,3
245,1015,3,205,11269,430,18,30,869,516,16,296,12,0,945,918,0,1736
7492,736,2258,868,891,979,2371,1501,1316,843,1273,799,308,0,469,240,162,72
1640,54,307,87,29,54,121,173,143,35,183,111,33,9,53,12,0,3
1686,192,310,207,215,141,215,168,144,181,178,116,417,28,207,5,8,29
1167,117,365,147,179,155,215,143,145,134,247,73,83,0,92,14,3,8
87706,70242,32736,9171,11102,21444,22715,16047,15914,12520,10062,9114,7420,1303,4246,1332,289,1338
3060,157,465,287,100,167,263,283,286,156,308,168,78,54,118,22,10,20
26,180,1,52,835,60,7,5,132,217,2,66,2,85,43,52,0,75
9078,729,2141,1219,486,1047,1358,1532,1446,721,1209,871,504,338,480,214,64,115
3433,4648,1422,518,859,1047,536,645,891,376,279,440,377,130,98,28,0,31
0,0,0,0,0,0,0,0,0,0,0,0,0,0,0,0,0,0
38846,47633,16877,8387,8744,12025,7285,5057,8881,4799,5256,6067,2761,2889,3247,865,113,1183
1942,115,249,143,67,112,156,167,157,71,187,86,60,36,91,22,8,5
6610,353,2459,369,291,389,2616,656,438,370,1052,306,187,0,217,19,3,39
719,104,207,121,129,137,132,137,187,82,178,80,70,0,70,8,4,3
1170,143,406,167,157,194,305,196,266,108,262,102,82,0,83,10,5,4
1138,111,440,146,133,155,243,142,179,131,275,81,73,0,69,10,4,5
4641,171,1016,396,230,235,359,587,587,234,571,327,78,133,144,46,84,109
8540,437,3027,1672,1359,550,4428,1299,1672,552,884,982,286,255,433,61,41,596
901,93,292,124,157,140,195,123,144,95,222,70,77,0,95,12,11,9
699,109,247,97,110,152,163,102,120,88,185,51,70,0,67,6,2,3
2888,394,673,394,499,545,598,598,515,273,583,302,190,0,322,95,47,47
1141,100,390,147,174,142,247,166,170,136,264,79,81,0,72,16,5,11
1954,1329,732,233,1310,415,285,341,279,321,243,205,194,201,90,66,6,101
2888,394,673,394,499,545,598,598,515,273,583,302,190,0,322,95,47,47
20597,16860,8281,3700,12548,4814,3040,3125,4571,2546,2673,2852,2391,3524,1199,804,132,570
576,768,286,126,508,251,108,144,173,128,124,116,69,97,60,116,4,23
40,238,3,53,887,60,4,8,148,224,2,48,1,103,38,34,0,153
3358,394,902,400,223,259,738,492,536,287,374,255,159,41,240,16,5,36
2032,1808,1243,288,593,482,443,610,541,364,352,455,148,196,128,84,5,60
3468,2115,1131,709,626,753,588,457,513,142,398,288,337,102,332,48,33,42
1515,988,488,103,567,366,164,215,175,252,136,86,138,180,59,84,3,24
1268,1110,659,328,189,489,171,259,371,187,166,241,184,93,70,35,10,24
4976,3061,1364,919,921,1113,875,495,587,276,457,498,426,182,428,53,65,71
95,663,5,236,5887,120,38,10,634,425,15,252,9,0,446,1111,0,655
806,2567,37,721,11467,887,33,151,1437,1283,129,616,81,1346,1045,1076,9,1327
2598,2641,925,514,2609,765,380,540,593,353,401,439,156,479,286,488,49,165
2817,2243,887,498,1028,487,521,605,525,199,408,474,191,239,212,19,11,44
710,90,244,108,121,126,164,101,125,87,193,55,66,0,62,6,2,3
2239,149,578,262,92,118,514,260,381,157,194,171,75,12,96,52,3,38
4315,3140,2732,495,947,814,1308,1071,1012,509,591,774,187,247,126,138,4,68
814,3026,146,532,10435,758,100,133,1567,542,155,596,49,1085,1052,4031,2,1805
1957,236,383,306,223,186,401,234,199,149,343,176,314,17,194,8,1,50
24951,2752,5909,3469,2797,1839,6220,3290,3473,2636,2969,2341,1430,585,2431,721,265,628
317,2070,9,442,11388,563,76,44,1589,902,24,403,12,1200,958,843,0,1416
833,114,243,126,158,150,196,107,128,93,196,67,70,0,133,11,2,3
2861,375,888,267,238,227,714,581,540,331,321,266,150,30,159,17,2,37
13675,764,4181,3622,2081,1054,9036,2143,3159,1278,4076,1525,2699,0,811,665,279,162
800,101,319,96,124,140,199,115,133,89,230,63,78,1,67,12,2,9
21,235,1,859,948,61,1,4,164,3156,2,101,1,118,44,55,0,72
748,98,258,96,129,137,169,111,130,91,194,57,72,0,70,8,3,5
562,84,191,113,120,119,106,97,140,81,151,62,64,0,56,6,2,4
4726,729,1597,235,4175,339,1468,350,493,477,486,379,260,139,279,172,0,105
20511,1043,3987,2226,2384,1351,3683,2505,2157,916,1539,2036,1259,941,1509,109,335,181
1606,116,563,159,167,150,350,191,193,163,371,106,73,0,75,10,2,3
19083,1441,5358,2165,2736,1069,3639,1337,1935,1618,1791,1368,1577,200,1990,382,88,377
489,550,249,63,309,182,60,107,91,113,79,67,54,49,37,30,3,14
3398,3105,1477,348,163,664,632,681,647,502,580,426,336,93,152,40,1,31
865,100,293,113,156,135,190,116,126,99,206,65,69,0,74,9,4,5
12383,8394,3633,2012,2644,3523,1887,2148,2113,1116,1264,1837,1380,818,591,414,122,423
2789,342,554,372,359,250,502,269,276,268,388,234,524,58,297,35,17,87
1144,211,354,165,223,248,319,147,144,126,260,93,97,0,104,12,12,12
1954,221,567,164,124,144,590,340,207,176,240,143,114,46,124,27,6,47
940,112,278,143,198,147,207,137,135,119,216,78,76,0,91,15,2,6
2100,229,973,141,254,327,442,218,234,289,458,109,118,0,137,8,3,3
588,91,209,92,108,132,139,96,121,77,173,51,68,0,58,7,4,3
800,93,186,74,201,66,129,156,112,149,88,86,30,22,47,25,4,36
828,66,128,113,38,74,126,97,73,42,109,57,33,28,55,12,0,14
1215,2009,870,379,198,179,167,177,324,130,299,275,81,128,89,80,46,44
2607,201,618,277,142,154,694,550,420,310,234,321,78,49,109,21,12,20
12264,8318,3595,1993,2665,3481,1858,2120,2088,1117,1265,1814,1359,843,586,402,120,419
12067,708,1419,1407,475,867,1344,1359,1353,745,1210,896,327,239,430,255,104,146
3012,4479,1631,420,3861,739,1026,866,1024,660,383,433,184,487,254,488,7,41
503,87,172,88,106,123,119,93,116,72,149,53,67,0,59,6,2,3
93255,37678,31839,4810,46990,20276,10347,6708,12508,9584,11273,6687,7698,13343,3870,2912,276,1634
2123,135,286,149,77,132,162,179,171,76,202,100,68,36,102,22,8,5
43283,29613,14598,7275,23224,7564,9734,5151,6449,3967,5525,4311,3058,2407,2128,1612,330,2716
18158,2263,4556,1920,1282,1363,3920,2291,2595,1242,1629,1075,822,164,1241,105,51,340
2101,191,886,272,149,163,447,586,458,316,288,380,98,14,124,18,3,22
115,905,3,227,5213,257,37,25,521,426,2,291,5,451,390,714,0,625
649,4308,23,465,20643,1427,116,102,2664,559,78,876,47,1912,1926,1609,0,2914
6170,1244,3317,649,1307,990,3370,1149,1247,520,598,493,834,75,967,76,4,208
19,69,2,43,358,22,1,2,48,197,2,20,2,32,17,16,1,27
511,84,181,84,105,113,110,89,113,65,133,48,66,0,57,6,2,3
0,0,0,0,0,0,0,0,0,0,0,0,0,0,0,0,0,0
2040,118,269,160,69,115,159,179,176,70,200,103,59,59,92,24,8,5
555,88,174,98,112,124,122,97,124,69,156,54,66,0,61,7,2,3
0,0,0,0,0,0,0,0,0,0,0,0,0,0,0,0,0,0
2000,188,664,121,188,279,484,293,308,143,369,152,95,0,94,8,6,3
1060,644,204,291,183,283,204,178,242,90,186,214,119,161,77,76,18,31
1683,74,394,112,111,60,386,224,205,186,156,84,68,10,79,9,6,7
3833,15651,189,5477,86846,20067,77,270,15148,25468,162,4745,323,6372,12098,24132,6,8022
959,2014,754,239,945,307,208,174,459,240,213,225,114,211,90,25,2,12
807,106,293,109,138,148,184,125,142,91,220,65,80,0,69,19,6,7
2043,194,868,149,204,246,301,130,158,174,364,80,114,0,130,12,4,9
0,0,0,0,0,0,0,0,0,0,0,0,0,0,0,0,0,0
1091,6292,98,666,19813,1701,63,206,3208,1692,234,1104,100,3577,1772,1334,15,3891
18412,14646,9144,3230,14882,3973,6240,2153,3794,2822,3305,2545,1777,2141,1134,1305,149,717
0,0,0,0,0,0,0,0,0,0,0,0,0,0,0,0,0,0
25088,433,4403,838,1245,489,4922,1312,1275,205,1778,820,297,0,545,95,254,51
1472,1513,492,266,2127,463,202,372,384,191,189,273,85,341,62,63,9,18
827,103,292,115,136,144,181,111,134,118,242,65,69,1,66,9,2,3
1460,150,367,154,137,118,275,198,159,143,167,122,133,29,133,20,3,23
855,106,309,77,76,65,347,103,97,120,168,90,67,13,59,8,1,9
1582,197,466,278,196,125,374,223,241,139,166,224,61,82,175,24,8,22
24,148,1,19,782,51,4,2,103,36,6,44,1,79,26,37,0,82
801,109,253,137,138,145,149,146,205,84,196,86,72,0,71,8,4,4
92813,37449,31627,4970,47513,20364,10093,6557,11867,9337,11235,6720,7706,13481,3485,2924,278,1622
1125,86,347,69,56,70,164,199,140,118,62,121,38,13,64,11,5,10
2496,179,880,200,278,228,504,257,245,188,450,123,104,0,181,38,52,24
4047,3366,1497,1060,1989,1636,674,862,1064,575,633,1032,210,246,304,375,5,152
3275,308,815,406,174,197,686,371,452,365,265,221,118,65,176,33,3,46
3046,300,887,197,162,220,640,477,274,330,197,183,139,20,182,32,2,47
3437,283,879,248,293,212,821,340,305,262,321,223,231,28,278,29,13,34
20,65,1,7,339,23,0,3,42,27,1,16,2,24,15,16,1,22
2581,128,339,211,107,162,231,210,203,108,233,147,64,89,156,11,3,21
71222,38047,19002,3095,6030,12689,14881,3777,4538,5686,9869,2478,4717,291,2914,349,55,797
2692,2914,1220,505,538,674,333,384,441,280,310,363,249,146,160,110,59,83
13331,1363,4632,1648,1566,1788,3588,2339,2205,885,2292,1217,569,0,845,267,102,105
132600,62118,38723,7296,17857,17233,24309,6736,8575,7762,12507,6673,13707,269,5225,831,281,1457
17275,2085,3531,1210,2040,1421,4269,1709,1679,1133,1952,850,2620,113,1769,252,56,333
1869,194,584,106,139,134,473,315,173,144,141,132,69,10,92,38,9,39
4281,438,1137,383,308,340,930,1026,714,519,398,494,197,71,328,54,9,101
150,887,6,205,4214,280,36,16,553,444,8,148,9,349,273,321,0,750
1294,101,495,137,133,137,305,164,174,188,323,83,73,2,68,6,2,4
217,197,77,36,217,70,25,38,38,65,22,30,33,43,9,21,3,8
3787,422,1175,694,466,291,616,756,885,389,575,554,241,116,342,123,7,122
2705,329,800,308,213,215,646,507,418,292,299,243,143,46,185,33,11,55
1583,2925,1098,263,377,761,232,627,577,398,335,369,126,116,70,95,6,21
528,89,169,104,121,125,127,98,123,78,148,54,68,0,70,6,5,3
95,872,6,276,8153,414,7,15,780,503,6,384,6,857,322,229,0,703
1690,165,474,198,121,110,326,300,223,246,178,185,70,23,97,18,6,30
888,104,319,130,160,147,201,176,175,96,240,88,86,0,74,31,8,24
1312,209,496,218,218,256,320,217,282,150,335,133,141,0,124,18,3,12
1821,6810,499,722,27618,6563,192,223,233,1079,559,115,272,626,5189,1451,11,5624
1898,212,421,181,193,141,267,207,160,107,182,207,113,20,183,24,1,31
1338,188,436,179,235,250,305,217,195,137,339,104,98,0,93,26,12,20
25090,17337,10326,3643,3226,4708,5893,2430,2850,973,2151,1686,2049,907,2285,221,138,223
2559,1845,736,240,958,379,376,48,429,193,602,403,171,194,189,63,33,255
29,411,1,216,3265,44,4,13,336,567,4,136,2,264,142,217,0,223
1480,1478,632,335,689,403,401,391,446,338,202,346,96,121,123,141,27,40
88862,60972,27145,9883,14670,18868,18526,9915,11698,6856,7320,6597,8495,2260,5026,911,339,1142
1126,145,412,151,153,197,263,203,244,104,272,121,88,0,85,9,4,3
12713,1381,3899,1921,1340,2067,3421,2069,2419,1179,2373,1182,773,1,794,204,127,103
1215,2009,870,379,198,179,167,177,324,130,299,275,81,128,89,80,46,44
3016,181,379,291,127,208,227,255,259,153,293,153,93,43,139,24,20,49
2100,128,296,149,91,130,172,177,171,74,192,97,65,41,106,26,8,5
14433,270,2542,546,763,305,2821,699,701,64,1334,628,227,0,274,31,153,8
48923,26756,12619,7139,6284,8913,7680,4108,5892,4422,5319,4147,3291,1776,2314,759,170,834
4223,378,1344,384,293,276,1184,827,550,402,502,391,162,78,291,74,84,157
157,116,64,37,15,58,11,12,20,32,50,23,30,3,5,1,1,1
6849,1144,1658,599,6121,813,1266,956,1014,900,602,545,406,97,530,300,21,429
2450,299,747,262,345,382,507,408,443,255,439,242,144,0,179,34,32,25
1133,109,474,99,113,145,191,122,142,169,264,62,74,1,68,6,2,3
1958,158,456,214,134,130,369,304,251,225,157,147,102,26,120,33,7,26
683,100,191,123,128,136,125,128,178,75,166,80,70,0,72,8,4,3
439,72,157,84,100,106,94,86,111,65,116,48,62,0,54,6,2,3
6144,16430,1957,4491,87792,4593,169,763,10887,8493,2000,5331,1159,10704,5914,3931,163,9018
17621,1988,4270,2452,2453,2928,3568,3286,3318,1275,2997,1944,808,0,1328,437,283,202
859,94,277,110,143,138,197,108,125,84,224,68,66,0,70,6,3,3
421,44,134,81,86,61,85,82,95,47,74,45,57,1,87,5,2,2
11627,1205,3489,1804,1246,1814,3247,1948,2280,1072,2291,1126,724,0,732,196,118,101
1390,2493,1051,450,258,282,230,207,375,203,345,316,102,121,100,81,51,57
4495,525,756,371,823,343,1211,107,432,228,711,433,221,9,454,107,35,394
1508,157,342,169,138,125,286,196,193,128,164,116,125,39,134,15,3,23
6566,758,1672,1156,1028,1055,1445,1168,1336,401,1313,760,301,0,514,216,86,71
1745,1490,642,255,1478,521,368,291,392,228,279,249,211,230,104,53,13,35
1151,111,410,137,161,90,297,240,202,182,173,130,109,16,131,26,14,31
20599,10586,4298,1363,6573,3310,3519,2300,1487,2991,1205,1908,1554,241,709,544,59,394
1318,1394,579,271,601,263,233,253,365,260,172,233,83,144,103,73,6,29
1691,188,570,204,232,260,415,236,293,127,332,112,94,0,95,12,8,3
558,84,185,87,118,120,122,94,123,70,136,53,66,0,58,6,2,3
1485,204,471,175,158,128,420,182,262,124,138,77,108,15,146,19,3,35
730,89,243,105,117,125,126,115,143,101,192,63,67,1,80,8,2,3
66,507,3,275,6074,90,23,13,525,703,7,254,9,0,309,403,0,484
3360,167,418,346,122,191,269,266,325,197,363,187,91,91,135,27,18,33
1016,777,329,103,1070,334,136,138,278,163,108,123,129,226,69,146,4,21
12871,8258,3909,2559,3157,2653,1825,3102,2951,972,1471,2753,1044,1189,755,408,119,320
592,101,239,91,113,151,163,116,135,88,162,57,68,0,61,6,2,3
3148,171,400,266,127,222,261,243,245,147,283,157,98,53,160,29,19,35
656,86,205,106,120,122,137,129,131,86,186,81,68,0,71,7,2,3
511,84,181,84,105,113,110,89,113,65,133,48,66,0,57,6,2,3
189,1221,12,174,5905,359,24,52,679,450,11,164,8,556,528,217,0,985
433,1553,57,202,8429,590,35,63,739,368,73,177,21,643,673,348,3,1501
1534,151,421,142,122,104,326,289,236,180,173,169,74,21,123,23,5,16
9063,8602,3604,2629,1732,2597,1618,1800,2745,1584,1795,1967,939,791,936,417,206,318
1337,1705,477,354,1128,536,217,279,513,240,277,372,80,440,211,1120,8,95
449,49,142,83,89,66,95,86,100,49,81,46,57,0,90,5,2,2
3635,434,975,514,515,489,821,686,552,383,716,414,180,0,286,66,72,52
99,932,6,207,5673,318,8,14,475,465,8,184,4,488,369,811,1,507
0,0,0,0,0,0,0,0,0,0,0,0,0,0,0,0,0,0
2950,2295,1368,844,495,943,384,547,947,366,610,619,323,155,223,146,59,133
689,85,191,107,125,121,128,101,121,76,160,53,66,0,82,6,5,3
1189,156,382,180,166,198,350,199,251,116,301,113,78,0,84,13,5,7
2584,170,955,291,274,224,629,271,282,240,443,163,88,0,136,25,22,15
744,90,251,114,128,134,153,104,125,89,198,58,66,0,67,6,7,3
841,114,273,126,137,147,165,158,200,85,216,90,71,0,72,9,4,3
1366,139,563,130,125,195,268,167,198,171,330,81,77,0,68,12,4,3
9537,1213,3370,363,951,1448,1464,743,641,668,1227,358,504,1,671,20,11,7
170,1536,124,722,4355,605,19,18,215,239,72,208,9,860,351,1740,3,1249
7925,904,2418,1550,1185,1231,1913,1390,1707,530,1757,916,385,0,601,235,95,145
1914,2232,1094,457,1019,815,323,413,482,424,358,405,128,166,167,79,5,41
1406,183,461,109,185,246,332,163,185,108,308,83,107,0,102,7,8,5
443,73,147,83,100,110,87,87,110,65,123,49,63,0,56,6,2,3
719,106,207,122,130,139,137,144,190,84,180,81,70,0,70,10,4,3
3653,636,758,505,3798,465,749,681,765,584,333,430,279,80,363,237,19,327
500,3323,222,280,11212,976,78,66,1759,518,72,570,27,993,2653,1480,4,1598
9236,520,1387,1146,452,579,1090,1089,1100,547,923,745,244,314,565,68,70,120
22887,2233,6579,2385,3543,1873,3961,3183,3036,2378,1961,2119,1683,6,2202,343,140,556
1408,122,543,121,163,161,270,136,139,152,293,73,75,0,77,9,2,5
2858,205,441,228,386,241,386,189,151,198,251,97,88,0,120,6,10,3
11967,1104,3224,2812,1613,791,2218,1261,2425,2180,1795,1493,709,411,1178,331,130,345
441,414,219,55,36,145,75,100,71,88,79,83,71,10,22,12,1,15
2798,266,688,363,208,188,695,534,517,329,243,244,103,47,177,49,15,49
1058,93,352,133,169,136,213,120,137,140,235,70,78,0,73,10,3,7
16775,295,3666,764,1283,337,3270,755,818,75,1780,793,247,0,316,36,193,6
216,301,116,51,271,88,42,52,105,46,38,82,26,74,33,56,1,7
1447,63,242,208,76,72,160,152,133,134,156,122,32,38,99,54,52,54
2757,230,1058,234,236,348,520,287,321,253,479,150,119,0,121,12,7,5
10438,534,993,1323,395,686,1207,1221,1175,735,1065,793,253,276,396,169,115,146
854,5348,38,706,26132,2549,99,96,1724,1143,62,672,57,2237,2372,1952,0,4182
2030,144,380,205,192,92,305,231,252,164,277,135,73,29,209,11,9,18
3740,3381,1716,1348,729,1175,554,533,1190,482,776,861,409,332,252,208,27,164
645,48,221,50,54,36,163,74,73,87,51,42,38,10,51,6,2,3
3933,470,1083,819,666,697,1389,866,894,357,1099,542,286,0,391,135,51,56
3973,182,483,353,179,210,307,335,378,207,426,207,98,53,150,46,34,53
2746,2247,1328,797,454,914,355,518,871,354,551,578,320,145,205,137,55,131
17,241,0,56,1269,67,1,1,123,42,0,40,1,84,58,25,0,70
2979,462,813,252,2890,244,1012,606,590,405,245,427,128,38,304,119,7,139
560,81,221,93,104,113,152,97,125,74,151,61,64,0,56,8,2,3
1218,1478,641,238,1807,412,197,232,481,263,139,157,112,231,150,188,6,9
169,128,49,31,181,60,10,20,32,53,18,23,31,38,7,21,3,3
441,414,219,55,36,145,75,100,71,88,79,83,71,10,22,12,1,15
879,74,289,107,148,109,181,114,131,64,162,61,64,0,66,6,2,3
837,94,264,128,144,131,190,161,170,79,222,91,80,0,70,34,2,28
6654,342,2390,863,700,455,3010,816,1020,448,501,641,373,34,432,39,46,73
4304,808,1105,375,4514,512,1120,408,677,466,304,313,237,65,356,279,11,265
1676,7726,92,720,25911,2874,374,393,2388,1277,66,558,49,2642,3080,3573,3,7093
2600,163,336,250,116,182,204,241,246,140,256,152,80,63,113,26,10,22
68875,3419,14772,6410,5534,4295,13899,10791,9016,4119,4010,5492,3887,1312,4103,2106,662,1512
28,266,4,30,1327,83,12,7,225,60,5,84,2,159,91,157,0,207
58,356,8,76,2340,99,7,12,275,254,7,64,3,251,114,128,0,356
2070,1768,723,318,771,782,295,358,411,222,204,331,347,147,130,82,36,106
2043,278,862,140,257,420,413,269,302,242,518,103,144,0,149,6,4,3
46,507,2,73,3027,130,21,3,332,183,4,126,1,227,223,223,0,319
54977,60795,27085,11371,62265,12390,17794,7777,10000,11258,9880,5688,5119,8801,2858,2448,128,4226
0,0,0,0,0,0,0,0,0,0,0,0,0,0,0,0,0,0
2076,180,769,238,234,242,355,191,251,184,355,121,100,0,110,34,14,23
69,1106,3,67,3412,388,8,14,378,151,4,145,6,584,349,212,0,470
744,85,232,128,131,121,139,103,138,90,174,57,65,0,63,6,5,3
813,99,355,96,114,134,201,98,126,107,200,60,74,0,68,10,2,7
278,1658,10,218,8316,702,9,29,721,459,25,256,11,952,608,357,0,1028
0,0,0,0,0,0,0,0,0,0,0,0,0,0,0,0,0,0
6324,3328,1841,1607,1007,1213,1183,827,933,275,708,619,528,257,620,68,42,84
1618,55,303,88,29,56,110,174,149,35,185,107,33,9,53,12,0,3
1021,92,310,115,154,122,182,122,133,64,207,109,71,0,73,6,8,5
673,88,217,110,131,128,147,119,128,90,183,69,70,0,74,16,10,14
1755,1908,845,301,733,510,385,470,407,297,290,369,103,118,134,47,7,28
21337,3586,8981,1594,25199,1886,9067,2947,2851,2909,2858,1579,742,291,1209,900,99,1258
4245,2896,2572,363,2398,595,1221,898,795,617,715,503,289,445,117,105,7,101
39,432,1,207,3346,35,4,6,264,552,4,111,3,271,109,176,0,137
24,92,1,48,514,26,1,4,81,208,1,25,2,56,26,27,0,36
14256,14332,4560,3172,25619,4134,1944,2422,3452,2038,1791,1963,1621,2359,1063,1399,153,1245
945,105,312,126,179,153,190,132,151,118,215,71,81,0,83,14,3,12
54,348,3,172,3558,62,15,5,295,357,5,155,3,0,161,343,0,368
22041,2290,4609,4410,2907,3103,4323,2892,4056,1897,3821,2491,1022,0,1806,619,351,261
4826,5759,523,1621,16267,3016,141,737,2664,2837,720,1050,341,3161,2190,2005,76,2824
1023,97,303,145,206,142,205,124,126,114,240,67,72,0,103,8,2,5
1345,103,492,171,147,141,263,126,166,148,300,77,72,0,77,7,4,3
14523,1612,4237,2247,1833,1104,3387,3010,2935,1818,1786,2008,749,303,1265,320,82,426
21335,2195,4664,2519,2383,1419,3857,2761,2608,1802,2608,1968,935,351,1487,350,121,399
648,91,238,93,111,127,151,90,117,78,181,53,68,0,59,6,2,3
828,101,290,110,131,147,186,102,129,93,208,61,69,0,79,6,3,3
13857,4378,1384,2477,2600,2798,1374,1532,1532,705,1346,1323,892,1067,913,476,277,417
793,118,309,105,120,156,185,110,131,97,206,65,74,0,66,10,2,5
10873,26578,1399,7496,122387,9169,356,1607,15975,14106,2565,7624,659,17801,10515,7414,127,11834
1241,200,497,319,225,255,408,219,313,186,266,179,138,0,118,19,13,10
886,85,318,132,126,121,199,104,146,101,237,65,66,0,66,15,4,3
1932,156,468,279,406,203,432,202,177,181,291,140,95,2,166,18,66,13
1596,1638,602,194,903,344,318,301,446,246,243,170,110,186,98,259,6,17
37,197,3,31,3102,73,34,9,185,130,3,62,3,0,110,156,1,894
485,76,173,86,103,112,107,89,117,75,128,54,63,0,54,6,2,3
86568,9823,24350,12446,9311,6119,23619,10031,10792,10227,8014,8643,3280,2451,7371,1884,1498,1698
61011,4578,18238,5327,8254,3767,13475,10177,8450,6086,5532,5108,3924,6,5209,598,207,599
3574,1931,1869,401,7539,927,32,611,873,488,2091,278,870,1132,417,565,334,1241
1734,203,508,223,232,247,316,156,182,191,284,139,88,0,116,12,6,4
1750,1318,987,240,468,435,288,513,449,304,289,347,131,147,61,74,4,59
2273,3067,904,481,1524,1283,393,263,554,296,676,248,262,2135,103,155,19,59
1814,169,454,210,121,122,459,152,252,156,175,85,93,7,117,14,3,9
757,83,324,90,107,120,150,96,125,110,215,50,69,0,60,6,3,3
0,0,0,0,0,0,0,0,0,0,0,0,0,0,0,0,0,0
23039,1281,4371,2466,1227,1800,2612,2668,2569,1298,2316,1799,665,618,881,263,152,464
909,96,253,138,175,131,175,137,132,106,209,72,67,0,87,6,2,3
7529,5800,1776,728,2562,1300,1057,755,822,407,510,674,487,428,308,115,135,66
3157,2175,1112,560,368,1144,446,603,768,449,433,480,513,98,308,224,23,199
571,84,191,113,121,119,106,98,139,82,152,65,64,0,57,6,3,4
673,70,234,52,51,47,156,137,102,85,76,75,38,10,41,7,2,4
483,74,196,93,100,106,119,90,119,72,135,53,62,0,54,6,2,3
62,556,3,229,4394,150,1,7,360,611,4,154,4,324,197,317,0,279
2212,1404,811,287,618,343,322,404,420,147,232,342,140,100,140,22,15,60
5780,642,1535,751,853,895,1219,1285,1153,480,1064,629,326,0,501,173,65,117
1611,158,526,196,242,210,313,209,187,152,325,108,101,0,125,33,12,24
757,92,288,100,129,131,172,105,128,93,209,62,73,0,66,10,2,7
53,662,12,161,5608,193,8,7,453,322,5,200,5,0,317,593,0,621
26633,24500,13678,4020,3420,5079,10778,3189,3246,1221,4580,2807,2309,1093,2190,143,95,215
3431,1669,895,612,536,705,656,417,400,253,403,312,320,127,229,67,78,109
1520,147,623,110,155,206,423,345,287,267,357,166,78,0,81,11,3,3
1313,109,353,202,83,64,362,212,318,190,140,124,45,12,115,6,2,18
922,94,295,124,167,141,184,121,143,108,211,64,79,0,78,14,9,12
2178,6429,188,881,26440,2396,122,423,2328,1496,211,1065,163,3548,2482,1418,19,4789
83,516,9,189,5018,154,25,13,521,407,7,266,4,0,265,516,0,345
1274,149,510,111,149,204,234,148,171,140,323,78,83,0,83,8,5,4
2316,245,683,159,255,180,544,200,231,195,285,205,206,15,202,18,5,19
3447,8441,1277,2735,41572,2159,57,658,6293,4891,1900,3140,805,5288,2851,2249,325,3657
19332,2034,3887,3944,2583,2800,3764,2474,3626,1638,3320,2154,936,0,1602,517,341,237
1136,107,424,123,150,146,234,122,138,147,247,66,73,0,81,12,3,11
2352,2061,1103,535,2080,922,360,499,719,311,343,453,342,310,178,243,22,113
84069,47969,24514,7732,14832,14742,15622,7645,10462,6534,7952,6327,8535,426,3155,863,135,1106
2890,394,674,394,499,545,599,599,517,274,583,302,190,0,322,95,47,47
3634,2072,959,372,1183,574,359,453,489,369,327,405,204,208,127,166,57,68
522,89,174,94,111,125,120,95,119,72,148,51,69,0,73,6,2,3
2180,287,664,248,195,197,644,553,446,347,270,227,94,53,151,37,7,35
2723,2019,1083,457,299,989,361,525,615,477,323,397,397,108,208,125,3,138
1348,1727,479,339,544,347,211,462,501,202,212,213,82,90,55,39,6,71
3128,3244,1338,442,4238,879,594,293,607,447,527,270,427,1166,171,222,18,97
1441,163,416,165,179,130,333,326,239,208,201,216,120,30,157,30,6,21
2444,1881,995,652,428,770,313,354,555,320,326,418,292,167,163,107,27,86
9026,1010,3062,1860,1309,1371,2267,1626,2047,617,2258,1054,422,0,671,246,97,167
43,301,1,64,2008,104,9,9,242,240,4,64,1,144,122,78,0,268
11172,1224,3304,952,1082,1591,1883,1636,1279,722,1357,738,345,0,527,12,79,38
252,260,98,37,402,89,38,48,69,78,26,36,40,62,19,55,3,5
1656,172,489,189,199,227,324,152,165,152,304,85,77,0,132,31,3,15
40,292,2,26,1220,62,2,5,151,140,1,65,1,112,77,89,0,169
467,535,243,73,86,194,56,60,57,67,117,70,76,8,14,1,1,1
137,1307,2,98,4408,329,8,19,531,182,9,133,3,546,295,1176,0,860
24847,16868,7558,4890,6061,6876,4125,3986,5134,2812,3068,3816,2605,1004,1622,810,270,1001
4534,4517,1639,729,1424,1397,508,757,1480,454,384,489,254,272,131,145,14,206
1977,181,479,431,460,245,455,454,425,232,458,269,136,0,237,94,47,74
1641,4706,374,512,6320,633,24,176,728,917,2362,428,106,919,379,407,12,595
12115,235,1997,418,654,270,2106,566,584,64,1057,482,201,0,240,28,142,6
1188,104,517,107,120,147,325,102,134,111,226,58,69,0,70,7,2,3
1102,1293,481,195,1570,372,217,247,484,205,176,215,119,198,64,221,3,8
610,84,218,86,108,120,152,102,132,70,162,59,65,0,59,6,2,4
1896,1519,730,186,609,518,302,451,343,270,197,223,117,130,86,61,6,60
12955,1510,3695,1300,1663,2074,3635,2383,1985,824,1809,1219,835,0,980,207,158,158
14141,13717,7494,1316,12292,3113,4914,3044,2813,2359,2658,1565,1355,1042,796,1471,39,446
13484,1373,3376,1966,1685,1016,3260,2053,2226,1433,1981,1538,1232,301,1315,578,135,486
13337,420,2853,1105,1228,452,2566,1502,1695,338,888,983,365,101,443,44,68,116
168,129,49,32,183,60,10,20,33,55,18,23,30,38,7,20,3,3
4351,534,1047,502,320,346,755,569,500,390,480,351,227,53,292,32,9,68
1161,104,462,92,123,140,180,142,153,158,256,66,72,0,66,8,4,3
0,0,0,0,0,0,0,0,0,0,0,0,0,0,0,0,0,0
509,84,167,96,111,120,116,98,122,72,147,52,68,0,66,6,5,3
2455,3044,898,550,2051,1249,345,307,613,381,707,324,321,2427,98,107,17,68
956,110,304,125,180,155,185,131,151,104,214,69,81,0,76,14,6,12
19644,467,2636,1318,2030,624,1532,1774,1693,889,1975,1187,242,412,502,235,583,308
2355,1863,655,217,1895,774,362,339,420,320,179,232,309,238,148,155,2,53
1105,121,431,86,118,182,196,116,141,102,239,56,78,0,66,6,2,3
677,1212,504,91,124,260,187,126,146,120,92,110,85,38,62,12,7,60
1906,1603,945,387,280,704,240,409,535,275,301,329,265,113,116,69,26,88
1024,109,291,85,88,73,277,165,109,130,128,91,80,14,92,25,5,19
8036,1310,2045,541,8559,811,1649,1617,1586,1283,907,730,557,89,764,561,35,561
11384,525,5103,1588,961,653,6121,1948,2479,726,830,969,317,96,608,98,27,383
12298,253,2081,433,699,295,2116,586,608,75,1107,499,210,0,251,36,137,6
681,91,238,99,115,126,153,102,125,84,184,57,66,0,60,7,3,3
2328,210,765,215,133,138,677,473,378,250,251,256,67,38,136,44,5,22
697,90,241,107,118,126,151,95,123,87,194,55,65,0,69,7,2,3
2187,2111,891,397,1287,554,426,476,571,368,292,317,174,204,107,121,4,38
3216,2338,1181,596,421,657,873,446,440,167,474,575,304,121,211,37,14,64
33899,3427,10339,4124,5288,2707,6873,5236,4917,3442,3182,3307,2426,6,3253,412,150,713
801,714,288,96,249,116,104,105,116,47,117,95,69,53,34,8,2,12
0,0,0,0,0,0,0,0,0,0,0,0,0,0,0,0,0,0
649,83,213,98,118,111,154,98,125,73,125,58,63,0,62,6,6,3
1845,205,563,148,124,156,423,261,182,192,160,123,83,17,118,16,2,27
738,96,254,105,125,136,151,101,130,82,200,54,67,0,68,8,2,3
3167,3259,1318,577,2188,997,628,599,748,442,491,462,402,323,196,97,11,69
21151,740,3871,443,919,773,2837,1798,999,65,2473,1647,670,0,569,174,130,63
45973,20149,13734,7340,6730,6325,8579,4244,5809,4763,5572,5173,2683,1063,2294,1075,535,1184
114534,62075,32261,5262,9444,20339,26604,6509,7975,9113,15403,4497,7308,308,4763,675,57,517
1585,185,603,156,122,195,458,195,165,86,315,95,83,0,96,6,2,5
443,718,242,41,100,82,31,101,90,41,114,62,39,13,8,1,2,55
26005,2791,5474,3061,2369,1695,6348,1955,2493,1800,2849,1949,1141,253,2000,352,114,592
793,82,225,91,139,118,154,113,125,71,165,71,65,0,63,6,4,3
1256,1384,631,174,1268,318,308,200,265,199,366,115,151,563,59,53,12,13
52,642,2,38,2165,384,3,2,202,92,1,103,4,0,155,100,0,235
165,163,73,31,240,104,13,17,55,36,36,33,27,39,9,7,0,5
5889,729,1654,811,688,489,1100,953,990,569,723,638,417,132,559,117,12,127
16938,14404,6812,2890,2123,4748,4407,3195,3391,2291,2704,2368,1488,938,1046,611,187,761
14696,18649,8677,4070,8672,1724,1913,6992,4016,2315,5049,6544,638,552,194,77,28,1317
1592,171,392,132,132,120,413,197,192,162,208,133,125,32,122,12,4,24
4875,170,1013,444,245,242,385,600,573,261,566,334,81,157,152,50,90,112
2890,394,674,394,499,545,599,599,517,274,583,302,190,0,322,95,47,47
41813,23342,3032,24498,45117,16796,1467,7352,3347,26292,5660,2860,3656,418,15855,40176,679,21113
1999,220,376,199,206,154,303,164,168,158,228,177,400,17,184,2,6,40
10076,5948,2897,1776,3831,2433,978,1444,2018,1068,1899,1693,648,1405,472,631,73,278
132,887,3,131,4558,336,20,19,560,354,14,175,9,325,350,312,0,832
65,940,2,82,3315,182,4,12,527,142,3,166,4,298,271,635,0,415
3063,277,1262,210,335,425,715,325,322,331,502,187,176,0,161,43,8,30
1179,118,329,214,172,174,245,163,208,134,245,124,79,0,91,6,6,3
20,231,1,224,2615,78,0,4,140,1004,2,27,4,95,49,130,1,77
66712,8031,16187,7761,5302,4772,18612,7122,8225,5168,7670,5579,2977,861,4656,868,274,868
12060,1256,3159,1768,1511,935,3113,1747,1921,1322,1744,1343,1069,275,1215,535,128,427
2191,181,724,242,318,248,451,201,215,202,381,166,93,0,131,9,95,3
1192,100,370,134,144,142,247,135,146,123,281,76,74,0,71,15,7,21
29332,1328,5019,2917,1049,1771,2732,3630,3590,1424,3298,1954,615,704,863,355,271,326
15452,899,3554,1508,1883,1179,3486,1891,1536,777,1261,1493,1094,799,1176,57,207,150
7476,3115,1526,1257,1477,1322,1615,581,686,604,706,498,592,257,607,130,136,208
8582,10330,4010,1079,2471,2599,1295,1330,1917,1165,2163,1493,831,655,543,278,84,273
1892,112,227,146,77,109,159,173,163,68,196,88,58,40,97,22,11,5
2938,175,1207,282,244,172,1278,335,378,284,630,209,132,24,198,20,3,18
432,41,131,38,38,26,95,71,35,64,46,42,23,9,24,6,2,7
20386,1826,5012,2817,2236,1402,4645,3226,3387,2062,2716,2344,1271,379,1681,630,133,645
527,85,190,95,117,129,123,102,126,73,138,59,64,0,58,6,2,5
3040,265,1290,405,204,201,721,797,674,412,440,551,106,17,165,16,3,22
5744,7628,820,1616,42076,2824,137,643,4823,2973,1796,1734,776,4443,2713,2074,341,5787
1133,117,326,180,173,174,237,134,160,131,231,83,93,0,104,12,5,7
772,96,269,97,115,135,185,116,131,98,202,62,74,0,62,14,2,7
0,0,0,0,0,0,0,0,0,0,0,0,0,0,0,0,0,0
5834,497,1521,377,346,418,842,830,733,499,425,379,265,30,388,75,20,54
1640,54,307,87,29,54,121,173,143,35,183,111,33,9,53,12,0,3
1507,4142,440,421,16134,3056,186,213,176,555,397,134,276,464,2826,496,5,3483
42002,22596,12594,4125,5004,5925,6721,3060,5019,2926,5068,3189,3518,1026,2308,1155,293,1118
12462,1056,4403,951,1065,1396,4175,1772,1858,930,1896,1030,520,5,640,124,50,48
4701,3363,1172,584,738,646,674,342,487,58,775,317,84,217,416,109,5,63
0,0,0,0,0,0,0,0,0,0,0,0,0,0,0,0,0,0
4808,443,1428,1226,310,308,1334,384,879,872,295,584,224,54,222,56,2,19
3775,335,721,342,235,251,740,559,427,275,206,360,152,191,178,45,7,61
1120,100,336,97,73,71,239,181,174,185,99,121,42,31,99,14,5,17
15487,746,1458,2040,702,947,1819,1709,1790,936,1672,1256,359,450,736,262,172,194
1505,164,265,167,191,118,190,159,141,154,154,105,371,26,188,4,8,20
153,551,9,165,6479,238,33,23,499,194,6,182,24,0,496,373,0,918
4154,223,559,368,195,315,301,336,368,240,373,245,129,59,178,38,21,54
479,76,171,86,103,112,106,89,116,73,127,54,63,0,54,6,2,3
2746,2182,1121,738,427,884,350,371,653,330,420,463,320,190,168,127,32,106
18107,822,7484,1842,1110,953,6829,2914,3216,1143,2001,1264,725,92,917,59,4,139
20,125,7,27,903,50,1,4,57,47,3,24,3,84,73,53,0,92
1744,179,417,353,318,232,388,315,334,228,384,192,113,0,200,61,41,50
17890,10289,5516,2117,2340,2915,2959,1554,2159,1494,2138,1595,1535,539,1039,441,136,500
45878,1826,16577,5910,4339,2229,18988,6402,8270,2386,3238,4006,1166,408,2008,370,361,1186
1560,144,476,84,99,97,301,190,163,282,120,136,62,4,99,17,3,13
1134,132,348,200,218,198,213,168,212,143,261,109,81,0,111,8,4,7
475,42,171,43,46,28,158,108,88,90,41,71,19,2,34,15,5,5
128912,6415,28701,12365,13098,8181,25599,16803,15255,8315,8775,9519,7277,2305,10231,3212,1419,2430
488,77,168,85,103,113,120,88,115,68,144,48,66,0,57,6,2,3
685,86,250,93,116,124,145,109,133,88,206,53,70,0,76,9,5,5
2064,2911,66,1026,13747,1174,65,269,1686,1740,167,862,219,2092,1101,877,36,1414
370,435,249,74,148,121,47,79,58,68,78,88,62,34,18,8,6,19
1516,192,542,127,97,102,410,299,209,233,170,206,63,17,92,29,4,9
818,93,273,113,132,134,186,119,149,90,214,64,74,0,69,9,5,5
761,106,215,126,135,139,142,137,188,80,180,86,70,0,70,9,4,3
29227,1322,4999,2917,1048,1767,2725,3623,3588,1424,3295,1951,613,704,858,355,271,326
1027,98,329,156,178,149,222,187,187,101,251,94,85,0,84,32,9,22
51,440,3,95,2067,116,5,7,389,277,10,136,9,203,170,464,0,309
151,977,4,195,4727,303,32,23,569,377,18,220,9,453,379,419,0,693
1214,97,395,116,155,128,309,140,163,64,243,96,78,0,76,14,2,4
73988,3692,16067,6568,6111,4626,15045,11450,9542,4429,4224,5785,4262,1337,4566,2123,688,1514
3644,176,500,359,150,208,384,333,352,171,440,213,100,82,138,51,28,48
10981,648,1226,1324,438,811,1280,1252,1218,679,1094,812,300,231,422,193,102,128
28494,21001,7293,1650,8023,5886,2304,1530,3029,1392,4563,1850,2003,762,2167,563,200,571
0,0,0,0,0,0,0,0,0,0,0,0,0,0,0,0,0,0
3992,495,1297,505,545,365,677,653,690,354,430,430,321,70,380,72,11,61
981,3402,20,627,15176,1381,75,230,1854,1597,151,767,129,2061,1170,664,4,1813
1585,185,603,156,122,195,458,195,165,86,315,95,83,0,96,6,2,5
5852,1201,1161,393,7439,609,1599,595,761,666,615,359,308,74,446,465,7,336
101969,8194,18129,9081,6562,6187,15330,13852,11515,7664,6914,6643,2808,883,6041,1337,474,1095
1788,1439,761,265,143,399,324,510,440,315,245,255,153,50,62,24,1,36
137,1095,7,163,5174,450,33,19,535,415,3,245,14,540,361,679,1,737
390,409,175,84,716,168,57,43,119,123,115,72,75,100,30,23,1,20
12199,711,4458,192,1904,620,2935,481,518,641,829,387,1317,71,1272,162,96,166
187,1310,6,185,6963,348,21,31,667,516,8,309,11,654,395,536,0,560
81,425,3,243,5203,82,55,6,436,708,2,195,6,0,287,560,0,456
0,0,0,0,0,0,0,0,0,0,0,0,0,0,0,0,0,0
18665,1086,9533,1603,1208,1191,10649,2942,3372,1581,1409,1182,461,93,805,242,101,693
879,106,286,119,145,147,175,119,141,91,217,73,69,0,73,7,2,3
4173,184,411,270,197,226,439,377,347,216,377,192,100,71,245,26,35,44
1007,115,330,104,173,157,221,146,135,99,243,67,83,0,90,16,8,11
1744,179,417,353,318,232,388,315,334,228,384,192,113,0,200,61,41,50
4053,7581,193,1513,27287,3485,125,621,3528,2210,446,1201,260,4092,2805,2227,55,4571
2605,391,932,176,221,232,937,520,415,404,257,239,162,51,193,26,9,40
29798,1738,5189,2558,1481,2313,3259,3207,3087,1996,2826,2036,945,568,1350,352,148,403
2819,275,551,459,439,214,503,453,384,304,245,261,97,105,249,57,96,23
19583,1439,2892,4110,2592,1359,3129,2514,2882,2007,2501,2119,921,1136,1699,666,381,624
12742,9405,4205,2176,1806,3377,2989,2518,2585,1706,1845,1880,1143,691,836,434,125,560
15355,8267,5220,1665,2264,2649,4652,1109,1604,1447,1769,1046,1327,217,910,232,38,127
1603,141,510,146,100,107,482,318,274,185,132,194,74,14,99,17,2,17
716,112,267,95,117,158,150,124,148,93,192,62,81,0,71,7,2,3
1851,110,222,141,68,107,153,157,154,67,174,81,57,30,87,22,8,5
12282,539,5942,1377,942,639,6170,1765,2091,739,882,937,403,173,516,73,19,270
482,76,171,83,101,112,102,92,115,66,128,49,63,0,54,6,2,4
14667,1483,3731,2233,1688,1043,3553,2579,2613,1692,2258,1864,962,348,1290,578,120,580
3287,261,1251,231,263,316,666,237,268,290,466,129,134,0,124,34,7,27
5580,2460,1462,997,845,1060,776,552,640,239,457,460,499,157,576,60,46,48
479,76,171,86,103,112,106,89,116,73,127,54,63,0,54,6,2,3
21719,1012,3881,3718,2477,1378,4724,3680,3984,1313,1261,2228,1109,547,1289,296,221,470
4057,2878,1440,131,545,359,818,147,281,285,587,295,298,15,167,18,14,105
752,114,311,94,130,147,257,154,177,90,192,68,72,0,74,11,4,3
5599,5527,2922,1069,1344,2745,1702,346,477,319,588,344,420,212,448,53,40,72
476,76,168,86,102,112,103,89,116,69,125,54,63,0,54,6,2,3
1007,94,306,131,140,129,214,115,144,105,211,55,68,0,98,6,3,3
6663,617,1724,697,767,838,1482,1227,1033,713,1164,559,257,0,448,167,68,81
0,0,0,0,0,0,0,0,0,0,0,0,0,0,0,0,0,0
165,14,44,31,26,10,33,16,18,39,24,27,19,1,17,3,2,5
230,412,49,52,1589,100,12,32,159,156,87,64,13,124,84,93,0,110
2440,184,438,202,166,152,418,274,224,164,154,253,145,108,170,16,5,42
18759,890,3952,2097,2272,930,4680,3453,3517,797,1955,2615,574,432,627,73,26,188
20285,12198,5054,3156,4525,4508,2179,2937,2254,1188,1977,2556,1517,1339,1243,574,309,549
8808,1137,2341,803,9531,650,1996,1321,1712,1113,914,954,549,61,665,573,33,488
2679,216,362,250,114,208,234,279,271,134,266,151,94,53,118,29,10,16
1895,128,232,173,73,131,170,174,173,73,172,84,65,34,96,24,8,15
5376,288,661,721,287,365,596,553,436,326,579,342,129,235,323,80,153,146
3232,2428,945,411,781,944,286,467,636,308,684,496,403,166,143,136,19,115
0,0,0,0,0,0,0,0,0,0,0,0,0,0,0,0,0,0
34,234,7,84,1232,59,6,4,150,228,2,59,2,120,56,76,0,166
1565,136,295,157,131,105,292,193,163,113,130,168,115,60,137,13,4,24
1344,134,396,181,179,180,270,189,196,132,275,100,78,0,103,15,20,32
5278,3374,1414,493,588,1250,974,338,396,514,523,346,470,43,266,25,2,12
3173,321,992,253,148,261,790,847,478,424,303,268,115,32,143,40,10,106
152,157,70,29,118,68,15,19,25,34,29,28,32,12,7,6,2,4
6010,3950,2046,920,4750,1466,946,825,943,658,947,541,554,1285,352,259,21,442
8216,835,2437,1270,1079,603,1494,1611,1677,872,1069,1111,422,315,641,230,161,221
7879,862,2047,1115,857,634,1779,1167,1294,707,917,848,509,151,617,138,14,265
2864,308,771,245,176,193,768,444,380,278,218,177,115,34,142,18,11,28
50352,60365,8093,14224,231350,28665,1329,8429,19787,18767,10840,11018,5105,29249,81967,40262,553,43658
27030,2203,9578,2404,2814,1580,7002,2656,2956,4409,1937,2344,1056,1016,1456,203,194,596
1231,108,443,149,191,143,318,153,157,163,256,86,71,0,101,12,4,4
1727,8564,55,1522,39614,2513,129,420,5003,3560,176,2093,198,6606,2970,1557,9,4418
1206,127,489,109,141,164,235,128,149,135,285,77,71,0,73,6,2,3
1852,119,236,155,71,120,163,169,166,68,179,88,62,33,91,22,8,11
105042,8986,24828,12862,5531,5871,25775,14345,15665,6719,7723,5490,2489,1274,4735,612,501,2034
6135,596,1512,999,789,464,1117,1098,1235,776,846,776,463,249,672,260,75,210
321,36,97,33,39,26,90,47,36,55,41,33,26,1,28,6,2,5
742,82,237,126,181,118,187,108,128,122,194,70,65,0,105,6,2,3
2034,1726,832,216,1165,473,505,387,434,303,292,216,180,131,94,78,3,33
468,75,157,84,104,112,111,88,113,66,138,48,65,0,57,6,2,3
320,274,101,75,219,103,42,58,82,77,30,60,38,40,27,22,3,6
83238,7221,18703,12585,7233,5707,17656,9246,9969,6813,6928,7958,3663,1600,5948,1394,568,1620
154,156,70,30,114,68,15,19,25,34,30,28,31,13,7,7,2,4
47,400,3,206,3324,36,4,6,264,546,4,109,2,256,89,154,0,139
4779,482,2144,418,277,333,1437,931,678,485,548,588,165,62,224,42,3,41
635,82,180,97,135,118,128,99,118,77,156,55,65,0,78,6,2,3
1390,106,502,131,149,145,232,130,142,128,244,62,71,0,86,6,2,3
50,284,4,66,1969,111,8,13,243,244,4,66,1,145,125,83,0,262
2427,326,472,175,319,237,514,280,268,155,270,138,424,27,281,24,6,32
649,77,208,89,127,112,145,103,115,64,147,70,65,0,58,6,4,4
1036,95,296,108,167,156,204,146,139,84,127,80,137,1,132,11,2,2
12174,233,2022,415,650,268,2090,584,592,64,1084,497,201,0,239,28,135,7
10472,1129,4288,519,558,641,4665,1029,913,840,1375,495,285,67,602,61,4,33
3993,439,1217,757,492,303,658,809,967,410,631,588,244,119,351,131,7,136
1007,106,362,108,147,149,205,120,139,111,286,62,78,0,87,12,15,7
4894,3825,1622,657,1607,1773,479,731,995,568,1168,836,614,371,268,196,36,163
2448,175,728,402,115,133,558,329,678,321,211,194,81,43,109,17,4,44
29,195,2,70,1425,80,7,9,188,237,3,67,5,129,55,150,0,158
79148,8096,20405,6592,5870,5082,16566,9829,10922,5508,6828,4405,2925,333,5654,453,209,1022
0,0,0,0,0,0,0,0,0,0,0,0,0,0,0,0,0,0
2435,2872,157,624,8578,1723,70,354,679,814,185,329,183,1705,1087,857,27,1601
2741,208,397,294,372,356,547,438,394,163,406,213,163,0,297,63,33,47
5394,3254,1583,969,734,1513,656,861,1058,663,732,740,579,378,295,291,95,307
1770,176,547,109,124,145,275,312,171,200,163,121,95,7,105,24,7,19
40,458,1,138,3148,71,2,7,239,301,4,108,2,268,125,207,0,160
8835,906,2991,1186,1059,1279,2362,1272,1302,666,1717,669,501,1,439,74,78,32
4405,255,1484,223,247,313,811,212,251,289,467,160,148,0,127,34,9,26
650,95,231,93,110,130,139,100,120,78,188,58,67,0,60,6,2,3
4010,778,979,471,6734,507,1201,650,977,685,366,524,192,46,376,1242,18,284
430,3548,5,328,14658,829,112,53,2009,606,69,333,20,1876,981,1830,0,1568
1029,109,463,91,117,160,181,104,127,123,242,54,72,0,65,7,2,6
2413,255,784,474,302,180,450,375,516,397,298,336,186,84,271,60,5,52
3130,359,1061,147,371,257,876,252,261,283,472,183,273,19,292,28,6,26
6132,508,2393,415,869,628,1263,505,430,706,726,229,204,0,342,35,51,33
9049,1088,3118,1649,1328,1485,2626,1584,1812,571,1959,1003,469,0,665,243,106,145
3426,1501,997,441,857,945,408,259,495,407,535,370,444,312,296,109,34,105
1924,131,248,142,80,131,165,173,169,82,183,89,67,32,95,23,8,6
20082,14475,7242,3207,2477,4414,4313,3335,3642,2299,2916,3040,1717,937,1417,739,118,620
513,83,160,86,102,118,110,93,120,70,140,50,65,0,57,6,2,3
21020,38670,14854,2273,10966,9011,7612,4989,6086,3240,6272,5262,2207,1699,893,568,208,707
2643,150,1191,706,371,167,1248,316,455,161,354,647,169,38,217,16,13,71
1953,188,728,224,247,267,392,283,272,198,401,163,116,1,127,33,13,23
8106,6505,3609,1779,1312,2173,1492,1267,1871,950,1413,1210,854,391,491,328,123,344
14436,299,2461,523,843,335,2634,682,698,65,1337,561,234,0,286,40,151,8
2787,331,636,287,223,194,623,307,263,293,259,207,157,66,240,30,8,38
0,0,0,0,0,0,0,0,0,0,0,0,0,0,0,0,0,0
23998,320,3739,784,911,355,3348,1520,1474,130,2233,942,274,0,793,68,207,46
479,76,162,83,108,112,117,88,113,68,139,48,66,0,63,6,2,3
1355,115,550,151,173,151,241,140,175,132,385,78,71,0,78,8,4,3
1013,85,386,135,142,124,294,148,155,104,244,83,70,0,62,7,4,5
3330,264,1204,250,365,339,541,236,231,277,493,117,141,0,180,19,26,12
2911,360,997,613,2321,211,975,412,629,405,270,393,112,117,203,92,4,142
2324,248,629,309,219,161,505,325,346,233,225,177,128,54,172,20,4,45
117,745,0,115,3888,203,8,14,409,360,2,139,4,281,229,165,0,559
30284,2613,9577,4137,2283,1869,13886,3277,3855,2422,2624,4082,1306,373,1697,369,100,437
11624,7183,4094,1517,995,2970,1922,1580,1923,1519,1548,1250,1498,442,768,434,57,387
532,85,192,84,105,114,117,91,114,66,135,49,66,0,57,6,2,3
2576,154,446,211,85,189,240,279,261,104,277,154,89,49,120,40,10,35
1735,146,428,241,247,188,313,233,234,211,291,153,78,0,115,28,60,29
3793,866,1324,336,6212,559,860,396,492,282,465,384,404,2,509,177,26,119
1618,55,303,88,29,56,110,174,149,35,185,107,33,9,53,12,0,3
1333,126,407,142,182,188,211,150,156,128,227,78,75,0,73,6,6,4
1031,4280,28,719,22025,1581,101,166,2466,870,60,641,50,2310,1859,931,0,2813
92,795,2,87,4143,278,12,22,477,254,5,200,9,325,393,199,0,503
16939,291,2980,623,1058,326,2803,903,818,64,1760,716,245,0,326,31,278,8
16868,1572,4165,2520,1981,1163,4136,2644,2855,1700,2512,2047,1077,328,1451,605,133,596
893,74,322,89,159,110,190,106,119,64,177,77,64,0,55,6,2,3
28379,1219,13275,2560,2088,1624,13677,4154,4576,2212,2761,2018,1089,280,1381,159,60,590
1864,121,230,160,70,119,163,167,164,71,171,82,62,33,92,22,8,11
2049,192,514,391,359,252,491,404,417,227,473,232,125,0,206,91,41,72
683,99,255,99,117,138,147,110,130,82,198,55,75,0,63,14,5,9
644,4306,23,462,20644,1419,116,103,2665,559,77,876,47,1908,1926,1608,1,2916
90449,58098,28284,9198,34953,16393,14184,10155,13300,7494,10369,5393,5844,5126,2896,2090,146,2474
4092,439,1254,1085,475,317,673,551,968,747,606,617,255,177,381,121,14,139
889,94,312,124,142,129,208,120,160,99,227,66,66,0,65,10,16,3
934,95,233,110,92,60,230,155,117,118,92,100,52,14,91,11,3,15
19085,11692,5007,2306,2359,4587,3806,2577,2836,2415,2736,1922,1658,568,1200,523,129,682
1216,115,424,169,148,154,266,151,171,126,297,90,77,0,92,9,14,7
2741,2452,1173,740,405,854,389,379,653,361,431,477,306,201,180,128,32,106
19918,8261,3097,3183,4048,4494,2097,2295,2238,1093,1695,2027,1405,1286,1238,516,291,458
6355,322,2513,957,469,354,2680,1031,1354,365,399,595,180,40,312,43,15,102
2610,2113,1744,406,598,631,540,732,653,410,462,584,153,191,81,78,4,63
877,95,301,128,148,135,184,113,139,115,229,66,79,0,71,10,8,5
2272,128,263,175,96,130,179,190,179,117,206,109,69,32,103,25,15,19
1978,171,719,424,334,228,685,446,476,235,575,287,109,0,191,64,41,54
2888,394,673,394,499,545,598,598,515,273,583,302,190,0,322,95,47,47
3588,2447,908,502,931,1120,349,520,680,376,766,569,460,247,191,158,24,132
2639,213,1149,152,221,278,550,170,227,270,423,71,110,0,124,18,12,9
26049,15704,6396,1813,6032,1883,2460,881,2449,1141,5094,3088,1209,290,1174,1317,446,893
1691,179,481,126,128,126,301,243,207,180,176,114,91,6,126,8,2,12
285,1277,4,254,7322,381,39,26,1073,464,8,317,11,811,712,1302,0,829
25037,5608,9505,4076,3594,3841,5825,2175,3786,1794,2351,1988,2053,397,2570,233,365,53
53,871,3,37,2179,440,3,4,200,94,1,86,5,778,152,98,0,232
774,3846,99,766,14124,953,18,104,1607,1359,184,662,48,2464,899,679,11,1081
167,1355,4,559,9602,346,56,19,822,309,21,271,9,606,497,662,0,1255
325,997,44,356,5700,191,10,46,743,780,204,429,28,59,350,320,7,508
1697,1822,663,284,438,394,299,265,332,167,179,171,101,140,150,74,71,9
1603,126,405,233,263,168,325,243,231,161,357,140,73,0,118,23,27,3
4431,11553,1130,2285,54744,4153,52,331,6428,5154,1916,2674,1328,6995,3639,2308,1379,4796
1653,961,571,147,177,339,346,162,233,185,205,116,183,15,71,28,2,36
939,162,320,93,164,253,226,191,213,133,249,68,101,0,86,6,2,3
1114,146,345,158,172,192,270,152,169,127,250,99,78,0,79,10,8,4
1952,205,843,246,315,261,603,235,255,255,425,189,134,0,114,52,16,33
480,76,170,86,102,112,106,89,116,71,127,54,63,0,54,6,2,3
617,79,371,166,140,114,217,130,140,105,210,123,63,0,69,6,2,3
76448,61848,23540,8180,19536,18466,7151,10694,9210,5154,5667,8425,6682,2758,3291,1236,686,1280
754,818,307,87,590,126,185,210,206,104,139,145,44,58,45,36,5,18
1109,96,161,81,47,95,111,95,87,40,112,43,48,14,68,20,8,4
11798,6749,3147,779,895,2526,2319,829,982,1052,1387,672,985,50,440,56,6,77
1412,139,454,164,205,186,293,148,165,166,270,84,86,0,115,14,2,12
29,236,1,24,1129,59,4,6,168,42,8,42,3,121,43,62,0,167
4790,218,560,588,160,258,412,412,497,193,522,324,118,164,272,29,32,71
5789,532,1599,726,657,679,1304,1427,1260,522,1173,846,270,6,354,129,61,59
7188,852,1989,611,453,530,2183,1023,1024,700,459,361,296,59,528,45,16,124
2053,258,465,268,238,199,417,219,205,146,379,163,281,22,198,9,1,57
1251,139,444,105,149,205,313,173,203,127,307,97,77,0,76,8,6,7
1323,101,286,206,384,140,228,206,160,141,236,146,76,0,139,22,30,8
1992,458,570,222,3544,242,690,312,406,270,211,235,99,29,218,421,3,111
20,70,1,48,457,20,0,4,60,201,2,18,2,47,18,18,0,28
21592,1247,2571,2082,911,1568,2313,2474,2294,1460,2162,1558,720,419,910,344,172,300
923,531,280,45,276,48,66,41,74,49,79,57,39,0,28,12,12,1
3707,678,1117,679,2011,443,886,728,904,690,505,517,207,93,359,565,16,245
1335,1559,578,123,969,393,254,254,288,270,133,179,123,137,107,79,3,35
18322,2016,5127,2814,2168,1485,3483,1863,2598,2022,1894,1708,1355,305,1807,298,114,464
35311,4295,7357,4463,29187,2534,7690,4553,6097,4223,2814,3212,1607,367,2308,3099,76,2190
1804,1248,487,284,205,571,241,238,245,185,189,227,237,37,83,5,5,23
22751,28023,13527,1679,41990,8591,2050,1331,1807,2084,2507,1349,1902,13080,425,881,3,127
905,108,324,112,127,163,221,134,136,99,221,59,81,0,65,12,5,7
476,64,157,73,55,47,108,103,86,97,55,76,41,3,43,8,2,11
1686,1190,449,248,3772,468,401,353,281,348,141,262,119,498,321,158,3,75
465,1088,183,339,4027,494,24,80,384,504,209,211,30,554,479,359,2,428
783,107,293,126,144,147,206,161,162,90,218,78,85,0,72,30,5,22
1607,144,581,160,193,197,287,136,165,180,290,87,100,0,104,13,19,9
171,139,50,33,189,63,11,20,34,50,19,23,30,45,8,19,3,3
2598,2514,1077,436,1155,733,383,513,486,424,304,474,156,175,174,85,13,38
3553,2502,1043,481,962,1120,365,527,678,356,728,541,467,249,170,152,31,136
730,91,274,85,116,120,206,85,111,64,149,51,73,0,60,6,2,3
1544,1263,208,402,6561,874,29,193,568,854,243,178,164,785,503,542,22,774
1762,1300,664,212,762,440,258,338,282,303,178,187,160,152,81,57,6,17
10858,38414,486,5460,246459,21458,880,1813,12310,8375,615,3414,691,11386,19731,14306,52,31791
2967,2062,1026,292,2452,685,462,190,498,337,369,126,395,390,154,183,4,75
9842,246,1539,624,953,281,1240,736,866,197,660,594,266,93,294,28,68,66
2812,2185,786,652,559,907,447,595,691,260,485,597,318,301,185,177,42,173
1464,899,417,122,814,339,257,163,290,184,127,134,130,245,68,68,4,34
556,92,185,114,106,134,103,118,147,85,157,69,68,0,60,8,2,4
2078,205,886,269,150,173,467,608,455,336,297,401,99,14,125,30,3,21
4576,586,1330,719,543,422,841,951,953,441,602,571,301,86,382,101,4,105
732,97,214,81,67,58,236,99,133,80,137,52,58,5,73,9,2,12
3908,400,954,228,306,312,694,632,360,320,456,295,240,26,291,17,14,52
324,2274,23,286,7268,554,66,42,1194,498,50,469,7,1315,636,2289,1,1763
15007,1772,3887,2064,1529,1251,3934,2208,2185,1466,1827,1719,854,370,1178,332,96,426
19,132,1,45,474,37,1,1,64,202,1,22,1,54,31,22,0,48
0,0,0,0,0,0,0,0,0,0,0,0,0,0,0,0,0,0
1095,96,397,160,155,133,225,175,188,121,288,89,85,0,94,33,3,24
8253,761,1335,1214,1335,403,1304,749,903,609,1129,729,409,252,648,224,237,165
3862,511,1412,512,519,596,1249,563,481,297,751,351,221,0,266,54,45,48
1774,161,554,247,130,93,515,147,205,279,170,150,46,21,112,10,21,5
34691,4217,7438,3867,2782,2110,8163,2272,2722,2159,4344,2996,1402,137,2372,257,95,231
1876,173,548,272,279,255,504,283,300,198,387,183,97,0,146,29,33,23
693,731,501,79,1532,178,246,81,99,129,310,54,113,756,59,60,3,9
8708,6809,1084,3103,23057,4412,275,1387,522,2868,1049,374,701,3528,3035,3012,136,3203
3695,655,953,634,7547,310,894,530,1236,499,386,408,173,117,216,656,5,467
22535,2643,5781,2663,2441,1622,5672,3241,2839,2271,3107,2141,1017,379,1651,380,97,474
5914,2853,1258,489,513,1121,1057,340,425,643,894,555,430,36,220,46,2,33
205,216,77,37,182,75,15,31,45,64,20,30,34,39,13,19,3,5
3740,3414,1732,1347,738,1173,557,533,1193,482,782,864,410,336,252,204,27,165
2013,265,502,136,118,176,488,275,209,237,140,128,108,22,134,60,3,31
2390,2096,1157,645,2314,915,300,439,825,329,390,491,343,364,187,287,27,132
42845,29907,13584,4835,4165,5649,5122,6017,6004,4447,3808,4537,1226,2026,3991,556,151,497
302,1824,22,630,11364,554,30,75,1746,1379,19,927,24,1642,587,361,2,929
6074,503,1287,716,442,369,1159,1115,712,806,579,513,467,132,384,86,12,140
1162,1804,446,186,599,182,154,133,222,213,150,144,75,661,82,86,13,47
4983,279,2307,506,353,307,2586,772,856,469,751,420,231,21,321,69,1,113
21,83,1,43,372,17,1,4,53,206,2,22,1,33,10,21,0,18
93,527,1,132,4592,125,15,16,592,388,5,194,9,0,317,358,0,752
49,405,3,31,3083,266,33,9,181,127,5,48,2,271,105,157,1,904
13633,979,3807,1136,1832,791,3526,1452,1142,1279,1661,1621,901,591,1061,237,9,337
0,0,0,0,0,0,0,0,0,0,0,0,0,0,0,0,0,0
29332,1328,5019,2917,1049,1771,2732,3630,3590,1424,3298,1954,615,704,863,355,271,326
3868,170,333,211,412,194,406,212,226,534,236,127,86,49,120,154,41,116
1267,1128,659,220,812,313,370,208,286,205,237,162,160,109,40,44,1,24
200,16,52,30,34,11,59,23,27,46,25,28,20,1,26,6,2,1
34883,17578,8062,1650,2391,6360,5889,1942,2349,2491,3985,1458,2452,139,1363,124,7,264
12899,9542,4079,2149,1526,4134,2445,2766,2929,1722,1997,1889,1969,758,1100,715,154,819
572,408,237,132,63,253,70,90,81,49,100,70,112,18,32,9,2,12
3310,713,908,353,4583,372,891,559,669,519,426,347,242,69,334,240,9,309
885,1180,522,147,625,259,199,159,214,154,131,140,109,113,59,17,4,20
1705,184,553,121,141,151,514,264,194,214,161,134,86,35,96,39,6,16
13590,1306,3489,1580,1347,896,2786,1810,2029,1223,1528,1281,626,210,813,256,76,430
0,0,0,0,0,0,0,0,0,0,0,0,0,0,0,0,0,0
3706,2173,1591,443,793,656,602,778,685,520,460,612,263,311,161,112,10,68
2049,192,514,391,359,252,491,404,417,227,473,232,125,0,206,91,41,72
632,82,195,107,132,118,118,101,127,92,170,67,65,1,62,6,7,3
1119,129,297,185,213,175,206,130,162,129,226,101,73,0,94,7,5,3
797,101,271,103,141,140,185,118,134,89,199,63,76,0,67,12,2,10
0,0,0,0,0,0,0,0,0,0,0,0,0,0,0,0,0,0
0,0,0,0,0,0,0,0,0,0,0,0,0,0,0,0,0,0
2797,287,820,348,180,199,553,493,474,306,255,249,115,43,150,18,6,41
1354,224,427,162,2000,150,347,182,322,214,147,180,85,44,116,126,6,92
5026,199,778,476,247,259,530,693,571,371,586,392,102,126,264,130,52,69
3468,261,502,291,170,282,337,394,375,176,356,222,128,59,144,83,10,42
663,92,252,97,117,136,143,95,122,93,189,55,69,0,60,6,2,3
3435,2130,848,522,672,920,532,648,619,305,308,626,354,252,203,83,32,218
20651,15146,7427,3319,2865,4913,4887,3717,3783,2347,3054,2913,1901,1057,1232,718,164,798
2238,6239,237,1358,32267,2195,90,328,3315,3043,569,1624,135,3913,2473,1435,16,4060
1640,54,307,87,29,54,121,173,143,35,183,111,33,9,53,12,0,3
23272,1031,9754,3127,2479,1311,11456,3435,4453,1373,1618,2054,639,186,1058,196,265,735
2095,127,276,182,84,128,175,174,183,73,207,97,63,42,99,23,8,11
50194,4118,10257,4216,2131,5728,5977,8171,7034,3817,5359,4275,2706,1618,2297,508,77,831
2066,237,609,209,203,146,479,231,227,174,288,173,143,17,202,13,5,42
2969,226,446,356,406,374,576,498,491,157,508,278,151,1,283,89,31,55
58,400,1,29,1571,94,7,5,288,141,8,91,2,170,110,335,0,292
257,2739,14,294,9945,959,19,38,1400,883,32,513,19,1844,716,577,1,978
2124,224,1048,152,266,355,839,520,536,180,544,215,121,0,145,26,3,7
33,255,3,45,1320,53,8,3,231,59,8,48,3,140,61,105,0,144
12330,236,2085,418,684,271,2112,563,584,64,1072,488,204,0,253,28,135,6
3626,3048,1473,1207,651,1071,487,493,976,424,642,732,365,320,235,179,59,136
951,42,142,60,24,48,74,80,84,38,126,40,25,17,46,7,3,7
3546,240,587,339,429,384,773,594,458,178,539,267,181,1,428,92,34,67
2075,236,906,180,253,290,479,224,279,209,404,123,131,4,132,37,8,30
1431,183,338,291,151,119,466,242,272,175,195,262,64,79,170,19,3,23
1662,1665,930,290,185,527,526,220,239,113,413,173,275,40,128,29,8,21
2777,170,359,236,124,203,252,259,251,140,280,153,94,64,153,33,17,35
608,89,227,95,115,140,142,97,123,84,181,56,68,0,59,6,2,3
824,119,390,98,129,157,254,165,180,96,237,77,76,0,75,6,2,3
543,84,183,90,109,120,128,100,121,73,155,53,68,0,58,6,4,3
156,10,50,25,25,8,39,16,17,39,22,24,19,1,16,2,2,1
169,128,49,31,183,60,10,20,32,53,18,22,30,38,7,20,3,4
1291,1477,489,298,478,408,237,299,446,237,217,285,86,329,128,678,5,127
691,97,261,98,118,139,149,105,123,98,197,58,70,0,63,7,2,3
1021,972,401,147,539,280,220,202,181,150,135,169,80,112,45,32,4,19
4785,3887,1567,598,1423,1653,502,740,1005,564,1113,826,608,369,230,213,46,180
13357,772,1752,1526,520,969,1486,1488,1506,793,1309,996,370,241,500,264,106,152
1507,252,646,273,308,345,507,371,386,182,368,188,162,0,195,28,3,11
1210,1018,399,151,660,320,129,193,222,212,133,131,110,135,99,39,3,22
1272,88,409,155,138,132,288,206,226,131,293,88,70,0,66,7,3,4
1268,130,336,130,138,164,230,141,173,111,248,74,77,0,77,12,6,8
854,1255,484,137,658,287,212,175,185,167,132,163,111,111,51,17,6,19
1565,1663,670,290,966,469,331,331,382,282,188,390,89,140,134,76,8,57
0,0,0,0,0,0,0,0,0,0,0,0,0,0,0,0,0,0
2081,122,250,183,77,131,170,182,183,88,216,106,64,41,93,22,10,15
4641,380,1166,583,233,309,1092,820,1104,557,439,478,155,47,249,52,6,31
2380,240,805,216,163,155,565,303,305,233,263,180,122,31,146,11,2,50
1682,1271,506,151,1427,515,181,256,342,250,173,163,168,450,92,151,3,26
1329,2701,420,270,9059,1908,160,171,160,384,295,97,232,214,1525,410,10,1356
1295,1085,480,190,906,356,251,219,243,222,183,136,136,178,67,44,6,17
1417,156,390,164,269,195,299,178,166,130,255,119,92,0,111,16,22,12
687,603,258,141,205,207,99,120,215,152,92,103,63,60,52,9,0,13
178,1506,10,457,9630,404,145,33,1232,760,10,285,10,1051,601,970,0,1087
849,47,222,90,85,40,166,105,96,97,140,58,55,10,74,25,2,25
2412,202,593,388,375,253,536,331,345,214,487,259,119,0,209,65,41,48
347,330,211,45,558,113,69,33,42,67,207,40,71,246,64,20,3,11
424,385,287,75,898,139,187,70,122,81,121,64,59,94,37,166,3,16
13484,1373,3376,1966,1685,1016,3260,2053,2226,1433,1981,1538,1232,301,1315,578,135,486
1933,190,463,388,357,240,450,384,390,229,455,225,120,0,202,82,41,65
12477,247,2006,435,699,283,2142,576,587,65,1096,497,209,0,263,29,144,9
22168,1677,5693,1448,1593,1150,4177,2941,1937,2698,2131,1276,763,303,1446,83,207,408
5059,4495,2000,1403,10451,1666,870,1149,1434,1112,829,1115,377,1243,936,262,14,163
1227,1040,552,154,1457,348,334,146,152,234,281,99,175,277,101,40,3,51
3155,3855,1786,697,17756,1181,13,561,2121,1416,1966,881,816,2154,1197,931,324,1519
58,459,2,36,2862,207,10,10,245,114,0,82,0,185,199,111,0,318
14134,947,3287,1641,1516,1203,3270,2361,1988,1685,2153,1205,356,0,733,286,173,160
71564,6752,13503,3414,11801,5322,15887,10730,10472,3493,7838,4217,10245,263,5428,587,72,554
29,147,1,53,1025,60,2,5,119,191,1,52,5,66,41,52,0,82
13289,265,2225,446,876,300,2258,609,624,64,1119,494,222,0,265,28,192,6
763,85,275,109,115,121,177,100,138,90,210,58,65,0,64,14,2,4
495,78,174,87,104,114,102,99,122,69,139,52,63,0,54,6,2,3
88862,60972,27145,9883,14670,18868,18526,9915,11698,6856,7320,6597,8495,2260,5026,911,339,1142
2381,249,690,173,264,185,571,211,241,200,294,208,213,15,219,21,5,19
16122,1066,4351,1983,1865,1384,4053,2619,2471,1491,1278,1799,1274,411,1393,523,149,283
12848,250,2060,452,793,286,2213,594,606,64,1112,517,213,0,253,36,176,12
193,230,104,56,101,98,17,25,60,84,40,38,35,27,18,109,2,15
3590,452,887,534,297,279,837,513,518,410,452,459,160,48,266,58,37,39
1460,1621,598,185,575,456,244,185,265,199,296,185,83,185,155,38,4,12
38146,2456,13020,1518,4752,2069,11843,9231,5481,2444,5190,5273,1651,63,2201,187,17,142
864,101,285,135,146,141,184,106,137,99,198,79,68,0,63,8,3,3
877,96,359,95,115,132,186,102,128,109,208,57,70,0,65,8,2,5
2774,258,885,353,273,177,796,474,418,470,279,346,97,86,185,23,13,47
2606,1630,863,226,137,635,427,298,234,479,325,267,260,114,91,52,10,45
8434,9994,4040,1476,7388,2246,1728,1532,2096,1675,1391,1122,1129,1042,499,326,20,157
1957,200,605,134,233,151,478,177,201,192,256,156,181,15,175,17,5,21
16791,1621,4627,2152,2684,1333,2612,2613,2447,1726,1675,1850,1221,6,1640,238,110,452
2315,2384,1145,274,122,550,476,510,438,362,378,309,297,63,145,44,7,41
720,106,205,127,130,139,127,133,185,84,176,81,70,0,70,8,4,3
1084,99,284,211,207,143,209,115,148,108,254,90,67,0,73,8,2,3
13999,701,1552,1836,600,868,1481,1624,1625,827,1620,1070,325,329,521,248,133,187
3148,2345,897,274,1956,867,434,488,521,385,267,281,394,203,152,151,3,49
8209,831,2433,1268,1078,602,1492,1606,1676,869,1068,1106,421,312,640,230,161,221
577,82,198,101,118,118,149,94,124,80,152,56,65,0,60,9,4,5
14451,350,1571,1582,1005,496,1248,1524,1290,952,1447,1001,168,577,648,459,385,318
8075,627,2386,827,592,978,1283,677,890,493,1386,434,376,0,310,208,38,67
1462,2188,939,419,201,270,218,254,368,230,332,323,89,177,119,97,32,41
5203,295,747,941,911,423,1146,661,642,295,634,475,139,0,573,76,404,181
4308,433,1274,649,811,391,668,771,821,612,474,556,354,6,382,74,15,135
3252,300,1145,172,151,248,446,696,353,464,307,155,118,20,151,53,15,35
2534,244,783,211,103,174,545,558,317,223,189,160,83,25,101,22,9,31
92,1098,9,270,4477,278,24,12,736,344,18,297,9,563,514,1064,0,865
15763,830,2831,1262,574,1101,1748,2318,2100,789,1449,1506,385,468,500,349,57,259
421,44,134,81,86,61,85,82,95,47,74,45,57,1,87,5,2,2
124,978,4,109,4342,180,18,27,596,387,8,219,4,464,454,205,1,520
29,248,6,86,1330,56,8,3,232,233,5,51,6,138,69,109,0,144
96,911,5,411,7411,154,2,19,686,977,4,337,7,562,277,483,2,400
4042,2095,1192,568,1460,1023,639,763,684,344,356,480,337,209,240,227,23,95
0,0,0,0,0,0,0,0,0,0,0,0,0,0,0,0,0,0
844,108,331,101,136,159,180,126,146,132,245,62,81,1,85,6,4,3
0,0,0,0,0,0,0,0,0,0,0,0,0,0,0,0,0,0
4098,345,848,396,164,260,1051,526,489,300,279,218,132,69,144,43,16,50
14451,350,1571,1582,1005,496,1248,1524,1290,952,1447,1001,168,577,648,459,385,318
0,0,0,0,0,0,0,0,0,0,0,0,0,0,0,0,0,0
1302,12312,113,3185,42108,8526,28,101,8447,9257,360,3639,160,6044,4026,7044,0,5498
910,98,321,121,142,137,201,164,165,84,236,84,88,0,79,32,2,26
8030,141,2245,210,775,106,1354,385,587,418,830,291,321,2,409,70,34,36
4127,2542,1248,829,567,1284,510,699,869,511,545,556,473,313,262,268,89,279
309,2082,20,460,9861,496,89,37,1629,1032,18,601,32,1132,835,1059,1,1282
7100,5449,2315,1454,2282,1892,763,1202,1530,487,1147,1254,843,677,354,410,96,423
6610,353,2459,369,291,389,2616,656,438,370,1052,306,187,0,217,19,3,39
168,129,49,31,181,61,10,21,34,52,18,22,30,38,7,18,3,3
85637,48417,24550,8488,17509,14981,15871,8356,11070,6793,8129,6864,8548,503,4171,941,347,1269
3287,3992,1785,968,2760,1161,489,637,1339,558,623,751,395,443,339,503,57,177
1786,217,394,107,129,139,244,211,173,153,200,114,105,6,114,29,2,16
922,2742,84,485,9994,1084,48,108,1864,1213,250,610,99,1616,1019,1214,18,1267
6865,15626,199,820,11584,666,44,311,1208,1682,681,551,97,47,1270,1194,8,2129
9722,541,955,1239,403,685,1137,1117,1092,617,979,728,249,223,361,184,99,122
4972,192,1054,401,256,260,395,590,574,321,580,346,88,146,150,88,84,115
2017,128,297,157,81,143,179,183,190,80,201,88,72,36,98,22,8,6
79,460,1,85,3838,105,18,17,497,176,2,154,5,0,237,307,0,583
16717,1679,4928,1728,751,1115,4637,2653,3104,1142,1817,953,625,98,938,111,16,174
56,273,1,202,3274,24,3,3,279,570,4,146,2,0,111,150,1,131
2474,3907,1257,328,548,790,427,394,530,333,222,315,291,114,139,24,2,23
0,0,0,0,0,0,0,0,0,0,0,0,0,0,0,0,0,0
2755,386,739,311,212,243,577,455,364,280,277,266,146,41,178,45,5,32
950,86,390,111,128,122,209,102,134,111,215,70,65,0,61,6,2,3
1109,96,161,81,47,95,111,95,87,40,112,43,48,14,68,20,8,4
741,106,218,123,131,139,139,142,191,90,191,83,70,0,70,8,4,4
1317,104,433,160,187,141,285,213,212,128,285,102,90,0,110,32,2,27
0,0,0,0,0,0,0,0,0,0,0,0,0,0,0,0,0,0
2433,107,299,223,104,142,176,202,190,122,229,141,64,38,116,16,12,28
12695,749,1605,1503,503,952,1418,1474,1474,818,1312,978,362,255,461,259,108,175
2089,189,701,205,218,233,397,220,204,215,356,119,97,0,112,25,36,20
930,112,274,155,152,171,244,155,172,119,235,88,76,0,70,20,7,4
4669,211,566,444,235,289,427,616,586,271,499,341,116,103,229,51,17,41
2381,215,530,186,170,179,305,250,211,136,193,173,146,28,170,20,3,16
705,83,254,98,109,118,135,102,127,84,205,51,66,0,60,6,2,3
